Tre av havnene er kommunalt eid, mens de resterende er privateid.
Matemballasje og medisinsk utstyr ble unntatt.
Billettene er kraftig redusert siden forrige sesong.
Forskergruppens rapport er vedlagt på høringssidene .
Antallet kirkegjengere varierer en del fra år til år.
Disse er svarte og gule med velkjente striper på bakkroppen.
Humlene hører også til i biefamilien.
Forslaget vil snart bli sendt ut på høring.
Det er et ferskt fenomen.
Dette er gode nyheter.
Brannen hadde en eksplosjonsartet utvikling, sier hun.
Får de ikke dem er import nødvendig.
Derfor har man innkalt til ekstraordinært ting.
Bondelaget er svært kritisk.
Etter tørkesommeren ble det overproduksjon av melk på høsten.
Jeg har veldig god samvittighet for det jeg har gjort.
Han var nå under etterforskning, mistenkt for korrupsjon.
De fleste ulykkene har funnet sted nær land.
Det nåværende taket er på fire fartøy per dag.
Dette gjelder spesielt i området i og rundt hovedstaden.
Spørsmålene måtte sendes på faks.
Hun varsler flere kontroller fra forurensningsmyndighetene i tiden som kommer.
Kontrollintervallene blir som de er i dag.
Departementet har nå kvalitetssikret den juridiske oppfatning av vedtaket.
Halvparten av de kristne videregående skolene tilbyr internat.
Det har gått et skred som stenger veien i området.
Dit reiste han i olabukse, for findressen ligger hjemme.
Lavere volum av laks gjør at etterspørselen presser prisene opp.
En liten grønn frøspire vokser på baksiden av månen.
Det skal dreie det seg om en liten skade i magen.
Det er samme nivå for kystsel som i år.
Staten tjener i overkant av ti milliarder kroner på årsavgiften.
VM foregår i en kabelbane der de aktive kjører rundt master.
Han får aldri være i fred.
En rekke tegneserier forsvinner også.
Enkelte har skadd seg for livet.
Imens ventet venneparet på visum.
Veksten i pensjon som tas ut i utlandet, er sterk.
Årlig omsetter kommunikasjonsbransjen for en halv milliard kroner.
Nå mener hun det er på høy tid at arkivene åpnes.
Det må være en regional balanse.
Flere av tunnelene mangler også brønner med ekstra vann.
De ber naboene i nord om å ligge unna navnet deres.
Det er fare for at tallet vokser, sier han.
De fleste behold gaven selv.
Det er forskernes konklusjon etter to forsøksrunder.
Også klippfiskeksporten økte.
Mens barn med høyt utdannede foreldre spiser sunnere.
I tillegg er drosjene i byen varslet.
Nå har politiet henlagt anmeldelsen.
Det kommer jeg til å fortsette med.
Alle rapporter viser at det er farlig å dra tilbake.
Fylkesmannen anmeldte selskapet, men politiet har henlagt saken.
Det gjennomsnittlige sparebeløpet er økende med alder.
Påtalemyndigheten hadde lagt ned påstand om rundt fem års fengsel.
Kommunikasjonssjefen peker på kritikken kleskjeden fikk i januar.
Nå slår de kjeden konkurs.
Nå advarer arrangøren mot billettjuks.
Nybygget er en del av prosessen for å gjenreise øya.
Vi har jobbet for å få rettet opp i den uretten.
Forskerne tar også hensyn til hvor langt godset blir fraktet.
Fotballfolket må smøre seg med tålmodighet.
Det er særlig guttene som utvikler overvekt.
Det kommer vi til å jobbe med fremover.
Likevel ønsker han ikke å oppgi hvem som har gjort opptaket.
Vi har ikke funnet noe galt.
Det er viktig for å fremme respekt mellom mennesker.
Det skal være nulltoleranse mot mobbing.
Mannen som ble truffet, ble ikke skadd av kulen.
De siste dagene har store deler av landet opplevd tordenvær.
Det ordet var det behov for.
Derfor er det utrolig viktig å klargjøre det, sier hun.
Det kreves ingen praktisk prøve.
Så går det norske tjenestemenn der og plukker dem vekk.
Det er ikke vårt ansvar, det kan jeg ikke tenke meg.
Et av de mest populære produktene denne måneden har vært spareribs.
Man tok det beste man hadde og lærte av urfolkene.
Videre nedgang kommer ikke av seg selv, sier han.
Det skjer så å si hvert eneste år.
Han benyttet anledningen til å minne om klimaendringene.
Forhandlingsdokumentet ble overlevert på et møte mellom partene onsdag formiddag.
Likevel blir forslaget om bevæpning allerede nå avvist i regjeringen.
Husk at stort sett går det jo bra.
Torsdag kveld går trekningen.
For noen er plagene så store at de blir arbeidsufør.
Han viser til at det da blir store avstander.
Gruppen er betydelig spisset siden i fjor i antall utøvere.
Det er andre året prisen deles ut.
Ingenting tyder på at dødsfallet er forårsaket av andre.
Folkehelseinstituttet har gjort en helsemessig vurdering av resultatene.
Også dette er innenfor feilmarginen.
Volden eskalerer etter samlivsbrudd.
Mange foretrekker natur og frisk luft.
Han er ranket blant de sju beste.
Dette ble hengende ved henne resten av livet.
Bak kommer flere unge og håpefulle jenter.
Et forprosjekt skal leveres til politidirektøren innen september.
Utsettelsene har vært begrunnet med kravene til sikkerhet.
Nå er hvileperioden over.
I bunnen ligger også de største tabloidavisene.
Men kun hver fjerde nordmann i risikogruppen vaksinerer seg.
Dette er avgjørelser som ikke vil kunne påklages.
Planene om slik hvalfangst legges til side etter internasjonalt press.
Måneformørkelse oppstår når sola, jorda og månen er på linje.
Alt påvirker alt, sier østerrikeren.
De små har fått for lite.
Deretter følger vold og overfall og villet egenskade.
Vi er fortsatt veldig glad i hverandre, sier hun.
Det er også forbudt å ferdes i de skredutsatte områdene.
Han sier det ikke er håp om å finne overlevende.
Værforholdene bestemmer hvordan vårflommen utvikler seg framover.
Dette innebærer å finne bedre løsninger lokalt.
Hun oppfordrer folk til å bruke solkrem.
De tar forsøket med ro.
Slik fyker temperaturen opp og ned med skymengden.
Nå lages politikk på nye arenaer.
I neste uke kommer sannsynligvis våren nordpå.
Det har vi sagt i mer enn ti år.
Det vil behandle klager om overtramp.
Wolves rykket ned til mesterskapsserien denne sesongen.
Ettersom bøtene ikke er vedtatt, er sakene oversendt til domstolen.
Spesielt blant eldre kvinner er den sprø trumpeten ettertraktet.
Målet er å forebygge fedme hos barn og unge.
Men ingenting har blitt gjort.
I år ventes det å bli vesentlig bedre.
Forskjellene i omsorgstilbud varierer sterkt i norske kommuner.
Litt snø blir det, mest i øst.
Vi spilte med mot, så aggressivt i vårt press.
Men det må gjøres mer, mener utvalget.
Mange ferdes på veier de ikke pleier å kjøre.
Fint vær med sol, men så kan det komme noen byger.
Slik været var den dagen, skulle det bli hele sommeren.
Samtidig oppgir somaliere å være mer fornøyd med livssituasjonen.
Alle disse landene er hardt rammet av økonomisk krise.
Han fant et språk.
Avstand er viktig for både din og dyrets del.
Det er ikke unnfallenhet, men prinsippfasthet, skriver forbundet.
I transportbransjen er det lastebilene som går best.
Uansett blir det mange flyreiser for miljødirektøren.
Han er klart mer kjent enn meg.
Det er også betydelige sosiale forskjeller i arbeidsmiljøbelastninger.
I resten av landet er det åpnet for jakt.
Loggene ble deretter gjennomgått og snokingen avslørt.
Dessuten går utviklingen i feil retning enkelte steder.
Både statlig, kommunal og fylkeskommunal støtte.
T-skjorter med regnbuefarger er tillatt.
De alvorlige hendelsene er det få av.
Årets rapport omhandler fjærfe.
Reiselivet er nødt til å gå samme vei.
Det er noe vi ser.
Skolene er ikke pliktige til å ha skolebibliotek.
Normalt novembervær, med andre ord.
Det får mange ulike følger, men særlig for barnefamiliene.
Dette gjelder i alle straffesaker.
Vi har nå en sterk vekst i importen, særlig av ost.
Man møter til avtalt aktivitet og til avtalt tid.
Det ene er at vi skal være verdens beste skinasjon.
Det vil føre til kraftig vind.
Det vil bli avgjort i samråd med bransjen.
Nå beklager de og endrer teksten.
Området består av ti elver og tre innsjøer.
Da kan kundene også gi dem videre til hvem som helst.
Asylpolitikken er strammere enn noensinne.
Klimaet er blitt villere og våtere.
Og de eldste vil leve lengre enn i dag.
Det er ikke spesifisert hvor alvorlig barnas tilstand var.
For det andre å etterisolere loft.
Men hverken er fortsatt eneform.
Rundt halvparten av klagene i år er rettet mot dette selskapet.
Det er de som har utført dette.
Bussnæringen står for rundt to tredeler av inntektene.
Statsministeren er stadig å se i britiske medier for tida.
Som svar har arbeidsgiveren innført lockout.
Organisasjonen ber ansatte følge ekstra godt med.
Samtidig startet arbeidet med å etablere nye laksestammer.
Veien blir ikke åpnet til påske.
Da blir det kort tid til julehandel.
Det er dårlig nytt for norske planter og insekter.
Også en politistasjon og en restaurant ble stukket i brann.
Han ber om raskere saksbehandling i år.
Musikk og scenekunst får de største tilskuddene.
De som tidligere takket nei har nå fått en ny mulighet.
Symptomene på hjerneinfarkt fører vanligvis ikke til smerter.
Dagens løsning er midlertidig.
Kollektivtrafikk kan imidlertid overføres til større kommuner.
Flesteparten av dem som fullfører, går på studieforberedende utdanning.
De blir i mindre grad kreditert for det som går bra.
Blant annet blir konsentrasjonen bedre, hevdes det.
Et eventuelt skred vil fylle dalbunnen nedenfor med stein.
De venter derfor at utbetalingene vil øke.
Men dagligvarebutikkene mener at det fortsatt kan oppstå smørmangel.
Parasitten kan smitte vider til andre dyr og til mennesker.
Når togene bremser, produserer de strøm.
Men det kan forebygges.
Han er bekymret på vegne av forbrukerne.
Støtten til større kommuner øker med alderen og utdanningen.
Vi hadde jo allerede tatt to rekorder, sier hun.
Konklusjonen deres er at skrantesyken bør stoppes.
Han mener dagens system fungerer bra.
Nemndene skulle vurdere om kvoten skulle økes.
Det er for eksempel lett å slurve med p-pillebruken.
Dermed fikk vi en stor verdijustering.
Endringen i våpeninstruksen har vært på høring.
Reaksjonene lokalt er også sterke.
Seks barn og unge ble sendt hjem.
Hun sier at meldingen også vil handle mye om digitalisering.
Det er høyere enn hvert av de tre foregående årene.
Han oppfordrer partilederen til å droppe kildejakten.
Det er litt færre enn målt de siste ti årene.
Norske bedrifter skal bevisstgjøres og læres opp.
Resten er friske og tilgjengelige, sa han.
Det var for farlig å benytte døren på høyre side.
Hav og miljø er to av områdene.
Hele landet har mildvær i vente takket være orkanen.
Organisasjonene har en helt annen oppfatning av statens tilbud.
Det er tre poeng opp til sikker plass.
Nå marginaliseres vi.
Dette kravetmå oppfylles innen en overgangsperiode på fire år.
Pengene går til kostymer, godterier og dekorasjoner.
Å lede et parti er ikke som å lede en hær.
Det vil alltid være utslipp fra landbruket.
Idrettsforbundet foreslo en slik endring i mai.
Skulle den ende uten resultat, blir det streik fra fredag morgen.
Den kan også brukes som base til marinader, dressing og sauser.
Nærmere halvparten av oss er også åpne for klarsynte.
Samtidig åpnes det stadig nye ruter.
Det endelige resultatet er ikke klart før om et par uker.
Ny kampdato er foreløpig ikke satt.
Signalet sendes i tre serier med ett minutts opphold mellom seriene.
Han har lenge vært kritisk til bygging av kabler til utlandet.
Litt under halvparten av behandlingene førte fram.
Bestrebelsene lyktes ikke.
Da må vi snu alle steiner.
Ei løs gummikule kan medføre kvelningsfare for små barn.
Fortsatt er det uvisst om ordføreren blir tiltalt i saken.
Det første streikeuttaket er konsentrert.
Konklusjonen er enstemmig.
Fem ble kalt inn til intervju.
Det ender med at ofrene som anmelder, får svi, sier hun.
Helsevesenet kan spre kunnskap og endre holdninger, sier han.
Det er gjennomstrømningsgraden av pasienter per tidsenhet.
Ombudet mener samtlige har lokkepriset.
Flere mener de trenger umiddelbar sikring etter nye skader i sommer.
Han tror likevel at den vil bli levert innen årsskiftet.
Han var en av dem som stemte mot regjeringsplattformen.
Hun er den fjerde i arverekken til den svenske tronen.
Det får vi se når tilbudet fra staten kommer, sier han.
Det førte til massiv kritikk i svenske medier.
Men tallet er meget usikkert.
Også i bygg og anlegg er det ventet noe høyere vekst.
Norske elever er kroneksempelet på det.
Også her var majoriteten menn, særlig yngre.
Ingen er dømt for selve drapshandlingen.
Rapporten evaluerer ikke prosjektet, men presenterer noen resultater.
Og regnet skal fortsette.
Når turister kommer til en norsk flyplass får de bare junkfood.
Med ni serierunder igjen å spille lever flere trenere farlig.
Politiet lot de aksjonerende prestene få ligge i fred.
Det ble han ikke.
Gode vaner legges tidlig.
Den var ustabil og veldig italiensk.
Kommunen tar ikke med alle fordeler og ulemper i sin beregning.
Han startet med å få avblåst et mål for overtramp.
Rutetilbudet er ikke blitt svekket.
Det er mange utfordringer, mener ordføreren.
Fengslingen er i tråd med spesialenhetens begjæring.
Den vanligste grunnen er misbruk av rusmidler.
Noen er lei seg for at dette blir rippet opp i.
Tilsynet vurderer å politianmelde grisebonden.
Rev må ikke mates.
Utbyggingen er blitt seks år forsinket.
Kinesere i tøysko og t-skjorte.
Tirsdag lanserte de retningslinjene for de lovpålagte avtalene.
Vi avventer bare rapporten fra den etiske kommisjonen.
Næringen reagerer sterkt og kaller forslaget skammelig.
Dette omfatter blant annet patenter, opphavsrett, åndsverk og varemerker.
Vaksinen vil tidligst være på plass om ett år.
Med kortere etapper vil stafetten være avgjort på en drøy time.
De godkjenner kun helt nødvendige goder.
Torsdag ble ordningen utvidet til enda et fylke.
Av dyr hadde de både kuer, hester, sauer og griser.
Konklusjonen skal være klar innen jul.
De vil fortsatt kunne ha jordmorstyrt fødestue.
Dette er færre gebyr enn ved tilsvarende kontroller i fjor.
Forskjellen ligger nok i synsingen.
Lastebilen veltet nemlig ut av veien og inn mot skogen.
I år ser tilstanden imidlertid mye bedre ut.
Dette fremmer veksten og sikrer norske arbeidsplasser.
I tillegg vil noen seremonier foregå i august.
Jeg tror han brukte fortellerkunsten som inngang.
Også helt sør i landet er det varslet nedbør fra mandag.
Han vil følge opp i sin dialog med helseregionene.
Selv nekter hun å bli satt merkelapp på.
Mennesker må reise, heter det i rapporten.
Han fortsette storformen i stafetten.
Den skal også vise samtlige av kvinnelandslagets kamper.
Utviklingstillatelsene i oppdrettsnæringen bidrar også med store fastlandsinvesteringer.
Påtalemyndigheten sier saken også omfatter seksuelle overgrep og bortføring.
Det er en økning blant mannlige mottakere av barnetrygd.
De første lysene begynner å tennes.
Det er appellerende.
Den er imidlertid allerede etablert her.
Det har også vært stor import av en rekke typiske julegaver.
Den kampen bør foreldrene slippe å ta hver dag.
Lav bemanning, dårlige ressurser, lav kapasitet og dårlig kompetanse er nøkkelord.
Det er to færre enn samme tid i fjor.
Andelen er høyere enn den har vært de siste årene.
Som tidligere år, gir årets første måneder et svakt resultat.
Men det blir i så fall ikke uten kamp.
Årsaken til økningen er endringer i kravene til standarder.
Dette har vi visst lenge.
Jespersen skal bisettes lørdag.
Flaut, sier likestillingsombudet.
Deretter samles kirkens kardinaler til det som kalles et konklave.
Men nå er det slutt på moroa.
Han er etterlyst og beskrives som farlig.
Fem år senere sank skipet.
Forslaget ble nylig sendt ut på høring.
I bytte må han restaurere et gammelt hyttetun.
Nå ligger prisnivået omtrent likt i hele landet.
Kommunene får også økte tilskudd for integrering av innvandrere.
Hun sier bokkjøpet er helt overveldende.
Også i fjor hadde norsk reiseliv en økning.
Næringslivet er avhengig av forutsigbare rammebetingelser.
Fra februar forsvinner den faste morgenstunden.
Pilene peker like kraftig nedover når ungdom blir spurt om røyking.
Tre av disse er kommet i super-G.
De har oppført seg flott.
Den flytende renten ligger høyere enn dagens treårige og femårige fastrente.
Kritikerne berømmer også filmen for de mange, gode kvinnelige hovedrollene.
Vedtatte plasser er det kommunene har sagt de kan stille med.
Hvis det er nødvendig, kan bøtenivået og antall prikker justeres opp.
Flesteparten av dødsbrannene rammer om natten, særlig i helgene.
Partiet krever en langt mer offensiv satsing på beredskap.
Den avgjørelsen blir tatt i slutten av april.
Men det kan bli en kostbar løsning, innrømmer han.
Det er stort ansvar og lite oppfølging.
Det er fryktelig, sier han.
Mysteriet er overlatt til arkeologer.
Sivilarbeiderne blir utplassert i frivillige organisasjoner og kulturinstitusjoner.
Antallet svinger systematisk gjennom dagen, uka og året.
Folk er generelt altfor dårlig forberedt.
Sportssjefene i de to kanalene har delt kampene mellom seg.
Importen av mandler til julegrøten viser også en kraftig økning.
Alle brev blir lest, kontrollert og om nødvendig sensurert.
Vi har investert kolossalt mye i miljø.
Så langt er ti personer meldt døde av sykdommen.
Dette går på å prøve å bevilge det som er riktig.
Studiene må også spisses, mener han.
Den største enkeltsaken gjelder svindel av nærmere to millioner kroner.
En generasjon fikk sitt språk slått ut av kroppen sin.
Kravet vil i hovedsak gjelde søkere uten barnehagelærerutdanning.
Det styrker ikke norsk troverdighet, sier han.
Om det er dagstur, bruker jeg den gamle birkebeinersekken.
De nyankomne skal nå få plass på færre og større mottak.
Han er helt utrolig.
Det blir det likevel ikke noe av.
Vi snakker om et titall havner som sterkt rammes.
Oppfordringen gjelder også kommunene.
Det opplyste det amerikanske næringsdepartementet torsdag.
Samtidig blir det billigere å kjøre privatbiler.
De er førerløse og fjernstyres.
De sikter mot økte inntekter.
Også euroen har blitt svakere mot kronen siden sist.
Samtidig har kravene til rapportering og arbeidsoppgavene vokst.
Dermed kan man til enhver tid beregne promillen.
I dag er brannberedskapen et kommunalt ansvar.
Tirsdag gikk det mye bedre.
Rovdyrpolitikken er ute av kontroll, sier han.
Korset har emaljerte detaljer, noe som er svært uvanlig, ifølge eksperten.
Det er imidlertid ikke her julaften skal feires.
Målet skal være å sluttføre disse samtalene innen utgangen av februar.
Nå er hun også tildelt kritikerprisen for diktsamlingen.
Det mineralrike landet går usikre tider i møte.
Det vil også være mulig å kjøpe billetter på arenaen.
Vi må legge vekk dette spillet.
Samtidig er jobbene i det offentlige mest attraktive.
Jeg skal se på om det er noe som kan gjøres.
Laget spiller i den argentinske toppdivisjonen.
Sju er fortsatt i politiets varetekt.
Toget skal ha delt bussen i to.
Flere sier nei til tvang.
Helsepersonell kunne konstatere at han var uskadd.
Hun er også siktet for trusler mot sin tidligere partner.
Men samtidig ble jeg overrasket over tidspunktet.
Det siste kan innebære direkte brudd på torturkonvensjonen.
Et område nord for dagens sone skal til gjengjeld inkluderes.
I tillegg må det utarbeides en oversikt over ulike hjelpetilbud.
Mange av dem er verken innført eller sluttført.
Han peker likevel på to mulige hovedforklaringer.
Da vil det bli foretatt en ny vurdering.
Resultatet var bedre enn analytikerne hadde ventet, ifølge flere medier.
Brukt med både positivt og negativt fortegn.
Dette skjer når mange ringer samtidig i et begrenset område.
Ekstra penger vil han foreløpig ikke love.
Jeg tror ikke det.
De fleste synes de får for lite betalt.
Blant kravene er også bedre velferdsordninger.
Hjelpen gis vanligvis i hjemmet.
Det er også innført skjerpet grensekontroll.
Samtidig streka ho under verdien av friske midlar til bøndene.
Slitte garn og trålposer blir dødsfeller for fisk og dyr.
Han vant også verdenscupen sammenlagt.
Digitalisering skal bidra.
Søndag er det søknadsfrist for høyere utdanning.
Han spår sterk økning i prisene på korn.
I mange tilfeller er det helt nødvendig å snu.
Hun mener mye handler om æreskultur.
Eneste vinnere er teleselskapene.
Om dette sier meldingen så godt som ingenting, sier hun.
Tregt byråkrati får skylden.
Samtidig har endringer i nordmenns livsstil bidratt til en markant nedgang.
Det er all grunn til stor bekymring.
Den fjerde dødsulykken skjedde på et større fiskefartøy.
Sommerværet preger endelig hele landet.
Arbeidsledigheten synker, og oljebransjen sliter med å finne folk.
Effekten er mest synlig hos fulltidssykmeldte.
Den verste nedturen for selskapet kan nå være lagt bak dem.
Dette er lovfestet i den såkalte egenbetalingsforskriften.
Hun er representert i en rekke museer og gallerier.
Men helt sikre er de altså fremdeles ikke.
Mange av barna er vant til å være med på jakt.
Tidligere var det tingretten som hadde ansvaret for seremoniene.
Utbyggingen skal delfinansieres med bompenger.
Likevel varsler han tilsyn av distriktets arbeid med voldtektssaker.
Den gang var paracetamol kun å finne i landets apoteker.
Tårnet har vært revet og bygget opp igjen tre ganger tidligere.
En tilnærming som vi kjenner godt fra norsk sokkel allerede.
Nedgangen gjelder både menn og kvinner, alle fylker og alle næringer.
Det var et ønske om mer fokus på spissrollen.
I årets første kvartal leverte selskapet sin høyeste omsetning noensinne.
Mer vind vil flytte på snøen og legge den i lesider.
Hun mener negativ omtale har tidsbegrenset effekt.
Når foreldrene ikke har jobb, er familien avhengig av offentlig støtte.
Og færre skal det bli.
Men ikke krone mot krone.
Det har vi ikke råd til.
Det gir forsinkelser, sier han.
Samtlige politidistrikter har styrket beredskapen.
Målinger viser blant annet at spekklaget er blitt tynnere.
Guttene utsettes mest for å bli slått, dyttet eller holdt fast.
Ventetiden er basert på mediantallet.
Han får komme tilbake når han måtte ønske det.
Det er uvedkommende villsvin som skal hindres tilgang til landet.
Det går også an å lage sennep av sennepspulver.
Det innebærer at gynekologstillinger fjernes ved fødestuene.
Nå har de endelig fått en offisiell unnskyldning.
Nedgangen er størst i næringen knyttet til oljebransjen.
I dag er vi nede på ellevte plass.
Det er særlig to ting som er problematisk.
Å bo i en storby havner på tredjeplass.
De ansatte har også blitt forsøkt bestikket med sjokolade.
For mesterskapet lover dette veldig bra.
Mange av dem er arbeidsinnvandrere.
Resten reiste sammen med familie.
Det handler om barnehager, skole, eldreomsorg.
Ennå har vi en lang vei å gå, sier han.
Denne andelen synker jo eldre barna blir.
Ulikheten kan trolig ha sammenheng med hvor legene arbeider, heter det.
Men alt kan ikke forklares med alderssammensetningen.
Han sier at synet som møtte ham på stedet var makabert.
For bøndene kan det bety ekstrakostnader.
Han etterlyser forvaltning og mer kunnskap om selen i området.
Så trer forbudet i kraft om to år.
Det ble funnet av en av de etterlatte.
Årsaken er færre dager å handle på.
De spriker også voldsomt.
Mye tyder på at det er kommet for å bli.
Folkebibliotekene skal styrkes.
Northug spurtet inn til seier.
En del butikker tilbyr åpent kjøp.
Fredag venter mellomdistansen for skiorientererne.
Mediene trenger nye inntekter.
Utenlandske arbeidere skal også lettere få kjøre her i landet.
Ifølge ham står utfordringene i kø.
Irene håper å ha avtalen på plass innen utgangen av måneden.
Det er tre færre enn i samme periode i fjor.
Nå er vraket funnet av dykkere.
Særlig kjøp av klær og sko bidro til veksten.
Dette nye merket blir illustrert med en lappugle.
Homofile innenfor idretten har det heler ikke bra.
Andre sendte ut et utdatert angreskjema.
Vi lagrer snøen i hauger fram til neste helg.
Det er store forskjeller på kvinneandelen i statistikken.
Man bør alminneliggjøre folk som greier seg selv, mener han.
Det handler om flyt i hele kjeden.
Altfor mange håndterer farlig avfall for dårlig.
For eksempel har torsk hatt en jevn vekst gjennom hele halvåret.
Først og fremst er det nordområdene næringen nå drømmer om.
Det er ikke store visjoner knyttet til det.
Krisesentere melder om rekordmange menn som ber om hjelp.
Innstillingen blir nå sendt departementet for videre behandling.
Lyser det grønt, kan vekst tillates.
Vi ser en stadig økende petroleumsaktivitet i dette området.
Men hos enkelte var mengdene langt mer betydelige.
Ingen medlemmer av sikkerhetsstyrkene skal ha blitt drept i aksjonen.
Få oversikt, lag budsjett og matplan, lyder ekspertrådene.
I sistnevnte film er det et norsk islett.
Det vi står igjen med er medisinsk avdeling.
Det tilsvarer rundt en tidel av arbeidsstyrken her i landet.
Det skal være klart til neste vinter.
Partene kan ikke forhandle om timelønn.
Tiltakspakken omfatter tiltak i flere sektorer.
Det er jeg veldig fornøyd med.
Fotballfolket forsvinner fra eliteserien.
Mye av valgkampen foregår via sosiale medier.
Nå vil landene møtes oftere for å rydde hindre av veien.
Mange har hatt mye på hjertet.
Det har vi ikke.
Nå har mennene gjort det samme.
Smart salg i oljeserviceselskaper er altså årsaken.
Og det kommer påfyll av mer vær fra vest.
Et siste, men avgjørende tips er å søke i god tid.
Et umiskjennelig tegn på global oppvarming, mener klimaforskere.
For dette fylket ble varselet oppdatert onsdag.
Nå stenger regjeringen hans tilgangen til internett.
Bjørndalen er ikke nominert i år.
De har etablert et område, og de har varslet om det.
Kontraktsforhandlingene kan dermed bli utsatt helt til nyttår.
Tilbudet varierer etter den enkeltes behov.
Bilen landet på en steinete elvebredd.
Men totalt sett sank andelen som fikk beviset.
Fellingen skal skje i prioriterte beiteområder.
Det er store variasjoner i innrapporteringene.
Hun får nå behandling for infeksjonen de nærmeste tre ukene.
I tillegg er det en endring i aldersprofilen.
Graderingssystemet kan også påvirke lærernes lønnsforhold, legger hun til.
Det koster å være liten i en koalisjon.
Årets virus rammer særlig eldre mennesker.
Det nye ordensreglementet blir innført med umiddelbar virkning.
Det utgjør om lag halvparten av barna her i landet.
Sammenlagt vurderes cannabis som litt mindre farlig enn alkohol.
Ni skip er holdt tilbake, ett skip to ganger.
Brenna frykter det vil bli flere slike saker i år.
Han har også åtte seirer i verdenscupen.
Å endre på smilefjesene er ingen enkel oppgave.
Hun økte forspranget hele veien.
Så langt har selskapet ikke fått slik støtte.
Da lanseres flere tusen produkter.
Hun håper at andelen som vil kjøpe dieselbil vil synker.
Mange klaget også over vond lukt i området etter eksplosjonen.
Målet er å bidra til økonomisk vekst i utviklingsland.
De to er begge nordmenn.
Skal de lykkes ute, må de samarbeide mer.
Europautredningen var tydelig på det.
Datoformatet er den fjerde endringen.
I tillegg kommer bonuser, tillegg og frynsegoder.
Vi kom hjem igjen.
Det er første gang det lages en slik oversikt.
I stedet må folk nøye seg med en bompenge-rabatt.
Det er imidlertid ingen mistenkte i saken.
Det er da de får den rette fargen.
Fristen for årets studieopptak nærmer seg.
I fjor ble ordningen innført for fire- og femåringer.
De har kontroll på mannen som kjørte bilen.
Tre andre som ble pågrepet samtidig, ble sjekket ut av saken.
Han tror ikke rene jente- eller gutteklasser løser noe problem.
Utfordringene våre øker i tiden framover, sa hun i januar.
Industrien hadde ingen arbeidsskadedødsfall i fjor.
Meklingsfristen går ut ved midnatt torsdag.
Siden arbeidet er forsinket,blir det enda dyrere.
Den største økningen er ulovlige voldsprodukter.
Dette er svært gledelige nyheter.
Magasinfyllingen er langt bedre enn i fjor.
Nå er det fotballting annethvert år.
Vi skal holde kontakten fram til jul.
Målingene er jevnt over positive lokalt, mener hun.
Amerikaneren hadde et avbrekk fordi hun var gravid.
Mange fikk en medisinblanding som kan være farlig.
Alle fylker har hatt prisoppgang de siste tolv månedene.
Også her er det meldt lokal morgentåke.
Endringen innebar en overgang fra kronesatser til prosentsatser.
Forskerne sier resultatet er urovekkende.
Her skal politimesteren ha sitt kontor og sin stab.
Det er mye emosjoner i slike øyeblikk, sa spanjolen.
Dermed er festivalen endelig frifunnet.
Her er det ventet at jakten vil starte onsdag.
Hun liker dårlig at politiske vedtak stadig blir utfordret i retten.
Han frykter at minstelønnen i praksis vil bli en makslønn.
Den siste delen er komplisert og langsiktig arbeid.
Målgruppen for ordningen er rederier og mottak for selprodukter.
De fleste handlet om at jeg burde fortsette.
Enkelte bor alene, men får tilsyn.
Det gjør den til landets mest effektive.
Bystyret skal nå behandle innbyggerinitiativet.
Brunostbrannen varte i fem dager, men ingen personer ble skadd.
Den vil være gratis.
Norsk forening mot støy er derimot ikke like fornøyd.
I kvinnens bil befant det seg ytterligere to barn.
Det gjenspeiler seg også på seertallene.
Bruddene gjaldt både kommunalt ansatte og ansatte i vikarbyråer.
Nærhet til norske forbrukere er viktig, og vil bli viktigere.
Dagen ble markert overalt og primstaven skulle snus.
De kan like gjerne være turister.
Jeg syns det var flott at han informerte meg.
Forslaget er at denne skal reduseres fra sju til fem promille.
Det er sendt ut tsunamivarsel.
Forklaringen på fallet er lavere laksepriser.
Forbundet vil ha en gjennomgang og forbedring av avhendingsloven.
Også verdien av sjømateksporten er høyere enn i fjor.
Det krever et så å si samlet norsk næringsliv.
Det er for dårlig oppfølging av elevene som faktisk blir mobbet.
Stadig flere nordmenn omfavner digitale bokformater.
Er det fordi vi er gjerrige?
Også annen narkotikabruk har tydelige sesonger.
Nå skal kommunen se hvordan vedtaket kan gjennomføres.
Regjeringsadvokaten er statens advokatkontor i sivile saker.
Sommeren har vært rolig for politiet hittil.
Tilskuertallet økte med fire prosent sist sesong.
Totalt åtte norske løpere sikret seg plass i kvartfinalene.
De har i tillegg engasjementer i friidrett og fotball.
Sikrere prevensjon kan senke aborttallene, mener fødselsleger.
Men vi er ikke ferdige.
Men vedtaket er bare en etappe på veien.
Det er det mange hotellgjester som ikke vet.
Denne banden ble attpåtil tatt av politiet i april.
Skjermer på soverommet etter leggetid er heller ikke lurt.
Da vil også oppgjøret være klart tidligere.
Også årsavgift og forsikring blir sjekket.
Hun ble ikke trodd og ble i stedet arrestert.
Nå er det på plass gjennom resalderingen.
Vi må bli enda flinkere til å se enkeltmennesket.
Først skal forslagene kvalitetssikres.
Pensjonsordninger for toppledere og deres ektefeller, blir ikke rørt.
Men den bør fjernes.
Politi i en rekke land er allerede utstyrt med elektrosjokkvåpen.
Lørdag er det storslalåm og søndag slalåm i verdenscupfinalen.
Derfor gir vi dem muligheten til det, sier han.
Telenor-aksjen endte omtrent uendret.
Mange av dem er livstruende syke.
Arrangeres flere ganger i løpet av året.
Vi synes jo det er et trist oppdrag.
Mange kommuner har egne minnesmerker for de drepte.
Fritidsboliger ansees ikke som sekundærboliger.
Det er forskjell på kvinner og menn.
Resultatet blir klart i løpet av kvelden.
Lav vekst i år, som tar seg gradvis opp fremover.
Nå advarer de mot lange køer av jordskiftesaker.
Opprinnelig ble det søkt om konsesjon for sju vindkraftprosjekter.
Det er også mulig å registrere seg på en venteliste.
Stiftelsen har prioritert prosjekter som er nyskapende.
Stikkprøver har også avslørt tvilsom pengebruk i selskapet.
Vi har tatt en runde blant noen av verdens hotteste barer.
Ved ankomst til rusakutten er pasientene tungt bevisstløse.
Det var også nedgang i oljeprisen torsdag.
Hver statsminister får sitt program.
Dette er veldig nakent, du har ingenting å gjemme deg bak.
Dette undersøker vi rutinemessig ved oppgjøret av forsikringene.
I denne saken er det stilt strenge krav.
Han gir seg ikke.
I vårens budsjett går avgiftene opp på alkohol, tobakk og kjøretøy.
Kneet traff en rail, og kneskålen ble knust.
Svært mange planter er avhengige av insekter for å formere seg.
Nå venter tøffere motstand.
Folk kom i campingvogner eller slo opp telt.
Vi er et team.
Påtalemyndigheten betrakter saken som et uoppklart drap.
Det blir mindre klart når man har flere statsråder.
Belgisk politi leter videre etter flere mistenkte.
De er traumatisert.
Flertallet i familie- og kulturkomiteen gikk imot en folkeavstemning.
Det melder det russiske krisedepartementet onsdag ettermiddag.
Det er mange involvert.
Undersøkelsen ble laget bare fire måneder etter terroranslaget.
For dronningens del var følget av det helt konkrete slaget.
Hun har vært konstituert i samme stilling siden september.
Noen studenter får betydelig mer.
Sjåføren kom uskadd fra ulykken.
Om lag tre av fire konkurser er foretakskonkurser.
Folkene mine er utrolig fornøyde.
De to fetterne har arbeidet med prosjektet i ti år.
Mange har valgt å selge seg ut.
Da deles det også ut kongepokal.
De må være norske i hjertet.
Han mener et ombud lettere kan se helheten i en sak.
Kursene er betalt av staten.
Han tror saken kan sette etaten i et nytt lys.
Men kona hadde et argument han måtte bøye seg for.
Overgrepet skal ha skjedd inne i kirken.
Stadig flere kvinner tar høyere utdannelse, og kjønnsforskjellene øker.
De er kritiske til kommunereformen, men frykter tvangssammenslåing.
Unntak gjøres for nær familie og mindre gårder.
Det er selvfølgelig mye gunstigere å spille annenhver dag.
De ønsker også å få tilsendt fotografier og filmopptak.
Atter andre skoler omtale seg som iPad-skoler.
Statsråden selv synes ikke han fremstår som anonym.
Vi ser at det trengs mer kunnskap, ikke mindre.
Risikoen for vårflom er derfor mindre i år enn tidligere år.
På sikt er målet et lag i toppserien.
Deretter bare steg seertallene.
For de andre partiene er endringene små.
For nye lån får kuttet umiddelbar virkning.
Nedbemanningen skyldes at oljeprisen stuper.
Det samme gjelder dansk naturpleie.
Nå har alle dagligvarekjedene sine fordelsprogrammer.
Forsøket skal evalueres etter tre eller fire år.
Ellers har månedstemperaturene for hele landet ligget nær normalen.
Tannlegeassistentene jobbet med å kna og smelte kvikksølvet.
Mange steder, spesielt i lavlandet, er det nå snøfritt.
Men for jenter flest får ikke lovendringen noen betydning.
Ta fram en bok, gå en tur eller se en film.
Derfor har vi valgt å komme til et forlik.
Vi har avlastet risikoen i deres dristige prosjekter.
Feilen ble oppdaget av en student.
Men ikke alle er like bastante.
Staten velger å gjøre det motsatte.
Men det varer ikke så lenge.
Lørdag gikk han til topps i utforrennet.
Men forbrukerne vil fortsette å spise det de spiser.
Det er hva det handler om.
Det gjelder eksempelvis investeringer i medisinsk utstyr og lokaler.
Det er ikke belegg for det han sier, sier hun.
Partene satt sammen en snau time før de gikk fra hverandre.
Fordi vi har det som vårt viktigste politiske mål.
Slik ble det altså ikke.
Nettavisen ble felt i begge klagesakene utvalget behandlet torsdag.
Han er redd partiet blir utradert.
Da kan ikke vi sitte på baken å ikke gjøre noe.
Målet vårt er å øke elevenes motivasjon og mestringsfølelse.
Nå må vi altså kjøpe kaffen vår selv.
Kun ett poeng ble tatt i de seks kampene.
Kontrasten mellom guttene og jentenes svar i undersøkelsen er slående.
På røykfri tobakk skal det være tekstadvarsler.
Sammen for et varmere samfunn! skriver partilederen.
Skiene blir ikke tatt fram i sommervarmen.
Familieenheten skal ha et mer sivilt preg.
Hun har fått kjenne på kroppen hva dette handler om.
Også staten slutter å selge kvoter.
Der kan det hende vi har forsømt oss.
Man mistenker at det er noe han ikke vil ut med.
De nye reglene ble vedtatt i statsråd fredag.
En av fire spurte får mer enn en halv million kroner.
Hvordan det skal gjøres er uklart.
Biler er med i pakken, men ikke jordbruk.
Mange har spørsmål om flybilletter.
Dermed kan partene streike uten at det blir fult flykaos.
Bedrifter har behov for folk med realfag og teknologifag.
Sykelønnen fredes også i fire nye år, slik arbeidstakerorganisasjonene krevde.
Dette er som å sette voksenlivet på vent.
Snø og dårlig sikt gjør søket vanskelig.
Og dette er på toppen av allerede høye bilavgifter.
Da selskapet ikke vedtok forelegget, havnet saken i retten.
Trygdesvindel straffes strengt.
Flere eldre må få tilbud om kurs, understreker hun.
Det er spesielt annenhåndssalget som faller.
Det er store forskjeller i de unges tannhelse.
Disse skal i alle fall ikke opp.
Partene ser likt på utfordringene i markedet.
Det opplyser statlige russiske nyhetsbyråer torsdag morgen.
Flyselskapet stiller seg uforstående til etterforskningen.
Den er lang nok.
Dermed har de ikke hatt krav på stønad.
I fjor var det rekordstore investeringer.
De svarte med tåregass og skarpe skudd.
Tallet har vært økende de siste årene.
Det bekrefter at vi må intensivere innsatsen på dette området.
Et annet videoopptak viser et helikopter som flyr over området.
Men det er uansett antatt å være verdens eldste flaskepost.
Det er registrert en nedgang på omkring en tredel.
Et endelig svar skal være klart fredag.
Det gir grunn til bekymring.
Hovedgrunnen er fattigdom.
Et svekket importvern kan gi store negative utslag for norske bønder.
Resten av konkursene var enkeltpersonforetak og personlige konkurser.
Rapporten viser også til andre trusler for villaksen.
Blir nå statsråd på ett av partiets kjerneområder.
Det handler om noe mye større.
Han blir dermed partiets byrådslederkandidat ved høstens valg.
Fødselsdagen hans er heller ikke offisiell flaggdag.
Det gjør skogsnæringen bekymret.
Dagens retningslinjer er ti år gamle.
Andre varer er for eksempel møbler, hvitevarer og klær.
Når ordretilgangen er stor, vil bedriftene slite med kapasiteten.
Disse er nøye med å ikke selge alkohol til mindreårige.
Han legger til at antall ubehandlede saker er historisk høyt.
Selje lensmannskontor følger opp saken videre.
Fredag blir det imidlertid ikke like varmt i nord.
Forskerne er usikre, men mange mener orkanene vil bli kraftigere.
Innholdet i sakene blir grovere, fremgår det blant annet av rapporten.
Så langt har det kommet inn noen hundre krav om refusjon.
Et sammenhengende nettverk av vannveier hører også med i planene.
Klarer dere å selge ut det?
Mangelen på medisiner rammer alle typer pasientgrupper.
De får ingen tid til familien.
Denne andelen er uendret sammenlignet med tidligere år.
Foreldre må være obs på store mengder på kort tid.
Flertallet av dem som ble påført øyeskader i fjor, var tilskuere.
Jentene og guttene skal bo, trene og konkurrere sammen.
Det var nok mer alvorlig enn først antatt.
Spesielt sjokolade og brus viste betydelig prisoppgang.
Det er ikke godt å si hvorfor.
Havnivåstigning er et annet problem.
De to største gruppene er afghanere og syrere.
Vedkommende er blitt ilagt ordensstraff.
De har heller ikke stemmerett ved lokalvalg.
Også prognosene for økonomisk vekst blir nedjustert.
Foreløpig er det ingen bedring i vente.
Det er svenskene som har dårligst matvaner.
Døden er ofte med, og naturen spiller alltid inn.
Jeg har tro på at markedet vil ordne opp i dette.
Flere enn tidligere er anmeldt for svindel av sykepenger.
Dette gjelder innen alle de premierte kategoriene.
To av fem henvendelser var knyttet til leiekontrakten.
Saken har ikke vært omtalt i mediene tidligere.
Nå gjøres mye digitalt.
Valget i bispedømmet er imidlertid ennå ikke klart.
Dette er omtrent den samme andelen som de tolv siste årene.
Skiftet er ventet senere i uken.
Men veksten i forbrukslån har vært kraftig.
Også salget av ørret øker i årets femte måned.
I dag hører jeg om juniorløpere som trener langt mer.
Da er det lett å miste veigrepet.
Han vil ikke si hvor høy han synes avgiften bør være.
Kulturministeren svarte den fullsatte møtesalen med en forsikring.
Det trues også med bøter dersom et helikopter er forsinket.
Støynivået ligger på linje med et udempet pressluftbor.
Vi jobber iherdig for å komme tilbake til normal drift.
Det er i dag krav til komfyrvakt i alle nye boliger.
Likevel dropper mange slikt samarbeid.
Det utbrente vogntoget ble hentet ut av tunnelen tirsdag kveld.
Klubbene er havnet i rød sone.
Andelen stiger med alderen.
Den tidligere landslagsløperen skal lede salgs og markedsarbeidet sentralt.
Det mener en strafferettsekspert.
Spillerne er nominert av en tverrfaglig jury.
Mannen står som eier.
Det synes vi er dårlig service.
Det er en ny rekord.
Han sier at forslaget er verre enn han hadde fryktet.
Mange meldinger gjelder takstein eller takplater som er revet løs.
Jeg trives godt i rollen som ordfører.
Det er ofte etter det første samleiet unge trenger nødprevensjon.
Men det svenske språkrådet vil ikke ha laks i svenske butikker.
I mars omkom sju personer i trafikken.
Partiet sikrer ett mandat.
Noe som har vist seg å føre til problemer.
Det viser norske og australske forskere i en ny studie.
Bygningen er da åpen for publikum hver dag.
Overgangen til fornybar energi går altfor langsomt.
Mange blir aldri helt seg selv igjen.
Torsdag ble et tredje offer erklært død etter angrepet.
Han skryter også av øyas eikeskog.
Man kan skjule hvem man retter annonser mot.
Forslaget blir ikke møtt med entusiasme.
Flom var den hyppigste skadeårsaken.
Snart fases tilbudet ut.
Mannen var fører av vogntoget.
Dette skal hindre oppsigelser.
Sykdommen kan ikke overføres til mennesker.
Solskjær fikk flere tilbud om å bytte arbeidsgiver.
Han har ledet partiet siden oppstarten for ti år siden.
Sju rødgrønne statsråder har søkt om etterlønn etter valgnederlaget.
Politiet ber folk i området være oppmerksomme.
Det var en halv milliard pund mindre enn sist.
Vikarer skal ha minst samme lønns- og arbeidsvilkår som ansatte.
Hun ville likevel ikke konkludere i dette spørsmålet foreløpig.
De trodde de spiste det samme som de alltid hadde gjort.
Fagforbundet stiller sin juridiske kompetanse til rådighet.
Hun er rystet og mener saken må før til lovendring.
Han sa at han gledet seg til omspillet.
Nå har partiet snudd.
Ingen barn skal dø.
Hun kaller dagen historisk.
Bakterien kan smitte til mennesker.
Det er profesjonelle folk jeg jobber sammen med, sier han.
Vi får lengre perioder med tørke og regn.
Brannårsaken er uavklart.
En unngår spekulasjoner og misunnelse, sier hun.
I praksis er det jevnt løp mellom blokkene.
Den anonyme varslingstjenesten åpner for studenter denne høsten.
Tallene viser en reduksjon i andelen tunge barn over hele landet.
Leseprøven er den prøven hvor jentene gjør det aller best.
Folkehelseinstituttet regner med at årets influensatopp kommer i februar.
Lover og forskrifter er ikke skrevet i klart nok språk.
To oppgjør har endt uavgjort.
Dette er ikke mulig i dag.
Dugnaden virket, men kan være ulovlig, så nå blir den stoppet.
Trolig blir det vanlig rally for nordmannen.
Nå er det uansett for sent, mener fagfolk.
Men banken går ikke dårlig.
Det er en større belastning for dem som er involvert.
Årets oppgang er en økning fra et svært dårlig fjorår.
Mannen er selv mistenkt i saken.
Hun fikk ikke medhold da saken var oppe i trygderetten.
Da skal man fiske torsken i løpet av to-tre måneder.
Forbundet mener dette var årets beste norske film.
Det er medaljens bakside.
Jeg kunne valgt noen andre.
Samtidig har partiet vært gjennom en krevende tid.
Andelen er imidlertid høyere i de andre nordiske landene.
Dette ble beslaglagt.
Dette er en vinner vi alle ønsker å være som.
Det har også vært internasjonal politisk uro rundt adopsjon.
Rektoren tror dessuten at det kan være feilkilder i tallene.
Mange slippes rett ut i samfunnet etter soning.
Hvem som får årets pris offentliggjøres i oktober.
Men erfaringene var svært blandet.
Asylsøkere uten oppholdstillatelse er ikke registrert i statistikken.
Ipsos-undersøkelsen antyder ellers på at utdanningsnivået påvirker turlysten.
Fredag kom ferske tall om bondens inntektsutvikling.
Spareviljen har heller aldri vært høyere.
Han fikk kraftige forbrenninger og avskallet hud på ryggen.
Det er ny rekord.
Den finnes i flere europeiske land.
På timeplanen står grensesetting.
Konkursspøkelset holdes på en armlengdes avstand inntil videre.
På læreplanen står blant annet naboskap og barnebursdager.
Tiden var norsk og nordisk innendørsrekord.
Sykdommen gir kostelignende utvekster på trærne og ubrukelig frukt.
Dette er sykdommer som ofte kan forebygges.
Er det fordi de har gamle ting som lukter annerledes?
Senere var hun også på befaring i området som er evakuert.
Vi har ikke det endelige svaret, men vi har retningen.
Som regel blir bortføringssakene oppklart raskt.
Men vi er fire poeng bak dem, og de leder.
Likevel er stadig mindre av strandsonen tilgjengelig.
Han døde brått søndag.
På alle andre felt ville noen slått til.
På grunn av manglende påtalekapasitet henlegges derfor altfor mange saker.
Det bekreftet klubben fredag.
Hun er altså strålende fornøyd.
Dermed kan flere planlagte mottak få problemer med forsikringen.
Det er første gang to kandidater har fått like mange stemmer.
Hun har tittelen fagdirektør med rang ambassadør.
Vegvesenet omdisponerer midler for å framskynde rassikringen.
Fem av dem var nordmenn.
Ifølge ambulansepersonellet har det samme skjedd tidligere i sommer.
Kommunalministeren har nå saken til vurdering.
Som person er hun involverende, handlingsorientert og ansvarsfull.
De kaldeste målingene ble ikke uventet gjort høyt til fjells.
Nå er det flertall for dem.
Det er helt absurd.
Den strafferedningen ble en katalysator for trippeltriumfen.
De avviser at de overreagerte.
Man må ha et forbruk som er bra for en selv.
Det er klart borgerlig flertall.
Mange har heller ikke hatt sex.
Kapasiteten er større enn hos noen andre sammenlignbare fartøyer.
Drivreima kan plutselig ryke, noe som kan føre til fall.
Hun kritiserer også matkjedenes priskrig og dumping av kjøttvarer.
Det var mannens kone som fant ham i siloen.
De vet ennå ikke hva som vil skje etterpå.
Begge mennene erklærte seg ikke skyldig.
Effektiviteten er ikke like god, sier han.
Jeg skal gå langløp, forteller han.
Og vi dyttet i oss mer godteri.
Han sier eiendomsskatten var et viktig argument for lokalsamfunnet.
Det er en betydelig sum for landbruket.
Disse blir fordelt mellom flyinstruktører, simulatorteknikere og administrasjonsfolk.
Den tekniske feilen er rettet, men forsinkelsene vedvarer.
Foreløpig har heller ikke de funnet noen åpenbar løsning.
Mange tusen er fortsatt savnet.
Det ligger gjerne pakket inn og er helt fint.
Heller ikke i forbindelse med bistandsinstruksen er dette utredet.
En av ti tror på helvete.
Det er et av sesongens store mål for langrennsstjernen.
Bondelaget er skeptiske til forslaget.
Det er et tilleggsargument jeg av og til bruker.
På stående skjøt hun fire raske skudd.
Fagene får dermed samme status som realfagene.
Det har vi heller ikke gjort.
For to av dem betegnes hørselsskadene som alvorlige.
Her er det fortsatt ingen enighet.
Vi må diskutere og vurdere nye tiltak.
Det skjer så godt som foran tomme tribuner.
Den vanligste kontraktstypen følger den såkalte elspotprisen.
Hultqvist er ikke imponert.
Forskerne sprøytet bakterien inn i mus, ble det meldt onsdag.
Både luftambulanse og redningshelikopter ble sendt til stedet.
Av de åpne kandidatene er seks kvinner og seks menn.
De snakker heller ikke om risiko uoppfordret.
Det er soleklar ny norsk rekord.
Flere av de store selskapene glimret med sitt fravær.
Om en ukes tid får sauene deres væpnet vakthold.
Mange av disse havner på yrkesfag.
Ikke minst for lokale folkevalgte, fastslår hun.
Den nye liturgien er utformet med en rekke bibelvers og bønner.
Det er en fin periode å komme til flyplassen på.
Spørsmålet er hvordan man tar ned kostnadsbasen.
Landbruksministeren er svært overrasket over organisasjonenes nei.
Det er også lagt inn en nyhet.
Løyvene skal gis for ni år.
Han har fulgt den offentlige debatten om overfallsvoldtekter nøye.
Utviklingen er ikke positiv når det gjelder klimaet.
Gregersen opplyser at tenåringen nylig har fått førerkort.
Men vinteren er på vei.
Vi bruker tiden til å prate sammen og støtte hverandre.
Siktede var ikke til stede under fengslingsmøtet.
Dette er samme regler som gjelder for elsykler.
Helikopteret styrtet etter at rotoren løsnet.
Det er nesten dobbelt så mange som får ett år siden.
Spesielt innvandrere opplever valgkamptiden som tøff.
Folk har et enda mer pessimistisk syn på landets økonomi.
Kritikken kom umiddelbart.
Da hadde selskapet slitt i lang tid.
Brannvesenet ble tilkalt åtte ganger.
De ansetter flere, investerer mer.
Det er bra for barnet og for likestillingen i hjemmet.
Samtidig vil sysselsettingen være relativt lav.
Men det er ikke nok.
